Class,Precision,Recall,F1,mAP
Weapons,0.7522780160424323,0.7640449438202247,0.7581158232364842,0.5118815248949075